model,fw_ver,fw_url,rel_date,fsize,sha1,md5
DXS-3600-16S,R2.00.B042,https://www.dlink-jp.com/wp-content/uploads/2013/03/DXS-3600_FW_R2.00.B042.zip,2014-09-16 00:00:00,10172592,a8db89b27358fda6905d27c915d17b4b1a1c1e91,0c9da22dc9ddfbc16bb307b129e3588c
DXS-3600-16S,R2.40.046,https://www.dlink-jp.com/wp-content/uploads/2013/03/DXS-3600-16S_32S_FW-R2.4.zip,2015-11-24 00:00:00,22421883,21782e2bd0cfb716573e801fb4afc76b6432ebe9,49dabfe32d3767375c8bd67da27c8dc7
DXS-3600-EM-4QXS,R2.40.046,https://www.dlink-jp.com/wp-content/uploads/2013/03/DXS-3600-16S_32S_FW-R2.43.zip,2015-11-24 00:00:00,22421883,21782e2bd0cfb716573e801fb4afc76b6432ebe9,49dabfe32d3767375c8bd67da27c8dc7
DXS-3600-EM-4QXS,R2.00.B042,https://www.dlink-jp.com/wp-content/uploads/2013/03/DXS-3600_FW_R2.00.B0424.zip,2014-09-16 00:00:00,10172592,a8db89b27358fda6905d27c915d17b4b1a1c1e91,0c9da22dc9ddfbc16bb307b129e3588c
DXS-3600-32S,R2.00.B042,https://www.dlink-jp.com/wp-content/uploads/2013/03/DXS-3600_FW_R2.00.B0421.zip,2014-09-16 00:00:00,10172592,a8db89b27358fda6905d27c915d17b4b1a1c1e91,0c9da22dc9ddfbc16bb307b129e3588c
DXS-3600-32S,R2.40.046,https://www.dlink-jp.com/wp-content/uploads/2013/03/DXS-3600-16S_32S_FW-R2.4-1.zip,2015-11-24 00:00:00,22421883,21782e2bd0cfb716573e801fb4afc76b6432ebe9,49dabfe32d3767375c8bd67da27c8dc7
DXS-3600-EM-8XS,R2.00.B042,https://www.dlink-jp.com/wp-content/uploads/2013/03/DXS-3600_FW_R2.00.B0422.zip,2014-09-16 00:00:00,10172592,a8db89b27358fda6905d27c915d17b4b1a1c1e91,0c9da22dc9ddfbc16bb307b129e3588c
DXS-3600-EM-4XT,R2.00.B042,https://www.dlink-jp.com/wp-content/uploads/2013/03/DXS-3600_FW_R2.00.B0423.zip,2014-09-16 00:00:00,10172592,a8db89b27358fda6905d27c915d17b4b1a1c1e91,0c9da22dc9ddfbc16bb307b129e3588c
DXS-3600-EM-Stack,R2.00.B042,https://www.dlink-jp.com/wp-content/uploads/2013/03/DXS-3600_FW_R2.00.B0429.zip,2014-09-16 00:00:00,10172592,a8db89b27358fda6905d27c915d17b4b1a1c1e91,0c9da22dc9ddfbc16bb307b129e3588c
DXS-3600-EM-8XS,R2.40.046,https://www.dlink-jp.com/wp-content/uploads/2013/03/DXS-3600-16S_32S_FW-R2.41.zip,2015-11-24 00:00:00,22421883,21782e2bd0cfb716573e801fb4afc76b6432ebe9,49dabfe32d3767375c8bd67da27c8dc7
DXS-3600-EM-4XT,R2.40.046,https://www.dlink-jp.com/wp-content/uploads/2013/03/DXS-3600-16S_32S_FW-R2.42.zip,2015-11-24 00:00:00,22421883,21782e2bd0cfb716573e801fb4afc76b6432ebe9,49dabfe32d3767375c8bd67da27c8dc7
DXS-3600-EM-Stack,R2.40.046,https://www.dlink-jp.com/wp-content/uploads/2013/03/DXS-3600-16S_32S_FW-R2.44.zip,2015-11-24 00:00:00,22421883,21782e2bd0cfb716573e801fb4afc76b6432ebe9,49dabfe32d3767375c8bd67da27c8dc7
DXS-3600-EM-8T,R2.00.B042,https://www.dlink-jp.com/wp-content/uploads/2013/03/DXS-3600_FW_R2.00.B0425.zip,2014-09-16 00:00:00,10172592,a8db89b27358fda6905d27c915d17b4b1a1c1e91,0c9da22dc9ddfbc16bb307b129e3588c
DXS-3600-EM-8T,R2.40.046,https://www.dlink-jp.com/wp-content/uploads/2013/03/DXS-3600-16S_32S_FW-R2.45.zip,2015-11-24 00:00:00,22421883,21782e2bd0cfb716573e801fb4afc76b6432ebe9,49dabfe32d3767375c8bd67da27c8dc7
DXS-3600-PWR-FB/BF,R2.00.B042,https://www.dlink-jp.com/wp-content/uploads/2013/03/DXS-3600_FW_R2.00.B0426.zip,2014-09-16 00:00:00,10172592,a8db89b27358fda6905d27c915d17b4b1a1c1e91,0c9da22dc9ddfbc16bb307b129e3588c
DXS-3600-PWRDC-FB,R2.00.B042,https://www.dlink-jp.com/wp-content/uploads/2013/03/DXS-3600_FW_R2.00.B0427.zip,2014-09-16 00:00:00,10172592,a8db89b27358fda6905d27c915d17b4b1a1c1e91,0c9da22dc9ddfbc16bb307b129e3588c
DXS-3600-FAN-FB/BF,R2.00.B042,https://www.dlink-jp.com/wp-content/uploads/2013/03/DXS-3600_FW_R2.00.B0428.zip,2014-09-16 00:00:00,10172592,a8db89b27358fda6905d27c915d17b4b1a1c1e91,0c9da22dc9ddfbc16bb307b129e3588c
DXS-3600-PWR-FB/BF,R2.40.046,https://www.dlink-jp.com/wp-content/uploads/2013/03/DXS-3600-16S_32S_FW-R2.46.zip,2015-11-24 00:00:00,22421883,21782e2bd0cfb716573e801fb4afc76b6432ebe9,49dabfe32d3767375c8bd67da27c8dc7
DGS-3620-28TC,R2.60.B047,https://www.dlink-jp.com/wp-content/uploads/2011/10/DGS-3620__R2_60_B047.zip,2016-06-20 00:00:00,8278687,9c5f6da7123210e4b7ab8fafa0eab651b4df4688,162b842610e7e0d37e091f97122bcb53
DGS-3620-28TC,R2.60.B043,https://www.dlink-jp.com/wp-content/uploads/2011/10/DGS-3620_FW_R2.60.B043.zip,2015-05-15 00:00:00,8441303,41a0ef4bc6b97a1d36739acc1887f0ac5a8aaae0,feeb31034e683f5d0928441b765c6b26
DXS-3600-PWRDC-FB,R2.40.046,https://www.dlink-jp.com/wp-content/uploads/2013/03/DXS-3600-16S_32S_FW-R2.47.zip,2015-11-24 00:00:00,22421883,21782e2bd0cfb716573e801fb4afc76b6432ebe9,49dabfe32d3767375c8bd67da27c8dc7
DXS-3600-FAN-FB/BF,R2.40.046,https://www.dlink-jp.com/wp-content/uploads/2013/03/DXS-3600-16S_32S_FW-R2.48.zip,2015-11-24 00:00:00,22421883,21782e2bd0cfb716573e801fb4afc76b6432ebe9,49dabfe32d3767375c8bd67da27c8dc7
DGS-3620-28TC,R2.60.B029,https://www.dlink-jp.com/wp-content/uploads/2011/10/DGS-3620_FW_R2.60.B029.zip,2014-04-07 00:00:00,8421990,351d0b32f76bc891f48cf626e4d80a8e9251ac52,6dc7d96a848263377ed1cedd63ec5efc
DGS-3620-52T,R2.60.B047,https://www.dlink-jp.com/wp-content/uploads/2011/10/DGS-3620__R2_60_B047-1.zip,2016-06-20 00:00:00,8278687,9c5f6da7123210e4b7ab8fafa0eab651b4df4688,162b842610e7e0d37e091f97122bcb53
DGS-3620-52T,R2.60.B043,https://www.dlink-jp.com/wp-content/uploads/2011/10/DGS-3620_FW_R2.60.B0431.zip,2015-05-15 00:00:00,8441303,41a0ef4bc6b97a1d36739acc1887f0ac5a8aaae0,feeb31034e683f5d0928441b765c6b26
DGS-3620-28PC,R2.60.B047,https://www.dlink-jp.com/wp-content/uploads/2011/10/DGS-3620__R2_60_B047-2.zip,2016-06-20 00:00:00,8278687,9c5f6da7123210e4b7ab8fafa0eab651b4df4688,162b842610e7e0d37e091f97122bcb53
DGS-3620-28PC,R2.60.B043,https://www.dlink-jp.com/wp-content/uploads/2011/10/DGS-3620_FW_R2.60.B0432.zip,2015-05-15 00:00:00,8441303,41a0ef4bc6b97a1d36739acc1887f0ac5a8aaae0,feeb31034e683f5d0928441b765c6b26
DGS-3620-28PC,R2.60.B029,https://www.dlink-jp.com/wp-content/uploads/2011/10/DGS-3620_FW_R2.60.B0292.zip,2014-04-07 00:00:00,8421990,351d0b32f76bc891f48cf626e4d80a8e9251ac52,6dc7d96a848263377ed1cedd63ec5efc
DGS-3620-52T,R2.60.B029,https://www.dlink-jp.com/wp-content/uploads/2011/10/DGS-3620_FW_R2.60.B0291.zip,2014-04-07 00:00:00,8421990,351d0b32f76bc891f48cf626e4d80a8e9251ac52,6dc7d96a848263377ed1cedd63ec5efc
DGS-3620-52P,R2.60.B047,https://www.dlink-jp.com/wp-content/uploads/2011/10/DGS-3620__R2_60_B047-3.zip,2016-06-20 00:00:00,8278687,9c5f6da7123210e4b7ab8fafa0eab651b4df4688,162b842610e7e0d37e091f97122bcb53
DGS-3620-52P,R2.60.B029,https://www.dlink-jp.com/wp-content/uploads/2011/10/DGS-3620_FW_R2.60.B0293.zip,2014-04-07 00:00:00,8421990,351d0b32f76bc891f48cf626e4d80a8e9251ac52,6dc7d96a848263377ed1cedd63ec5efc
DGS-3620-28SC,R2.60.B047,https://www.dlink-jp.com/wp-content/uploads/2011/10/DGS-3620__R2_60_B047-4.zip,2016-06-20 00:00:00,8278687,9c5f6da7123210e4b7ab8fafa0eab651b4df4688,162b842610e7e0d37e091f97122bcb53
DGS-3620-52P,R2.60.B043,https://www.dlink-jp.com/wp-content/uploads/2011/10/DGS-3620_FW_R2.60.B0433.zip,2015-05-15 00:00:00,8441303,41a0ef4bc6b97a1d36739acc1887f0ac5a8aaae0,feeb31034e683f5d0928441b765c6b26
DGS-3420-52T,R1.50.B047,https://www.dlink-jp.com/wp-content/uploads/2013/08/DGS-3420_FW_R1.50.B0474.zip,2015-03-10 00:00:00,7020066,b42ed8cfb08c1679654f6e6ec02648ed891b21e2,5decac5f67925d07b327dd191411bee8
DGS-3420-52T,R1.50.B056,https://www.dlink-jp.com/wp-content/uploads/2013/08/DGS-3420_FW_R1.50.B0561.zip,2016-04-05 00:00:00,6872584,9d5d97b31ac19be6ae8a7f3309468e5623c2a3b3,de66c732ef9887b3e5c299489d9008a7
DGS-3420-28TC,R1.50.B056,https://www.dlink-jp.com/wp-content/uploads/2013/08/DGS-3420_FW_R1.50.B056.zip,2016-04-05 00:00:00,6872584,9d5d97b31ac19be6ae8a7f3309468e5623c2a3b3,de66c732ef9887b3e5c299489d9008a7
DGS-3620-28SC,R2.60.B043,https://www.dlink-jp.com/wp-content/uploads/2011/10/DGS-3620_FW_R2.60.B0434.zip,2015-05-15 00:00:00,8441303,41a0ef4bc6b97a1d36739acc1887f0ac5a8aaae0,feeb31034e683f5d0928441b765c6b26
DGS-3420-28TC,R1.50.B034,https://www.dlink-jp.com/wp-content/uploads/2013/08/DGS-3420_FW_R1.50.B034.zip,2014-04-07 00:00:00,6960246,eed37209b4c8406eecbb7ccee471e96a5455de98,6266173336001ce6d80454288d4a231f
DGS-3420-28TC,R1.50.B047,https://www.dlink-jp.com/wp-content/uploads/2013/08/DGS-3420_FW_R1.50.B047.zip,2015-03-10 00:00:00,7020066,b42ed8cfb08c1679654f6e6ec02648ed891b21e2,5decac5f67925d07b327dd191411bee8
DGS-3420-52T,R1.50.B034,https://www.dlink-jp.com/wp-content/uploads/2013/08/DGS-3420_FW_R1.50.B0341.zip,2014-04-07 00:00:00,6960246,eed37209b4c8406eecbb7ccee471e96a5455de98,6266173336001ce6d80454288d4a231f
DGS-3620-28SC,R2.60.B029,https://www.dlink-jp.com/wp-content/uploads/2011/10/DGS-3620_FW_R2.60.B0294.zip,2014-04-07 00:00:00,8421990,351d0b32f76bc891f48cf626e4d80a8e9251ac52,6dc7d96a848263377ed1cedd63ec5efc
DGS-3420-28SC,R1.50.B047,https://www.dlink-jp.com/wp-content/uploads/2013/08/DGS-3420_FW_R1.50.B0471.zip,2015-03-10 00:00:00,7020066,b42ed8cfb08c1679654f6e6ec02648ed891b21e2,5decac5f67925d07b327dd191411bee8
DGS-3420-52P,R1.50.B034,https://www.dlink-jp.com/wp-content/uploads/2013/08/DGS-3420_FW_R1.50.B0343.zip,2014-04-07 00:00:00,6960246,eed37209b4c8406eecbb7ccee471e96a5455de98,6266173336001ce6d80454288d4a231f
DGS-3420-52P,R1.50.B047,https://www.dlink-jp.com/wp-content/uploads/2013/08/DGS-3420_FW_R1.50.B0475.zip,2015-03-10 00:00:00,7020066,b42ed8cfb08c1679654f6e6ec02648ed891b21e2,5decac5f67925d07b327dd191411bee8
DGS-3420-28SC,R1.50.B056,https://www.dlink-jp.com/wp-content/uploads/2013/08/DGS-3420_FW_R1.50.B0564.zip,2016-04-05 00:00:00,6872584,9d5d97b31ac19be6ae8a7f3309468e5623c2a3b3,de66c732ef9887b3e5c299489d9008a7
DGS-3420-28PC,R1.50.B034,https://www.dlink-jp.com/wp-content/uploads/2013/08/DGS-3420_FW_R1.50.B0342.zip,,6960246,eed37209b4c8406eecbb7ccee471e96a5455de98,6266173336001ce6d80454288d4a231f
DGS-3420-52P,R1.50.B056,https://www.dlink-jp.com/wp-content/uploads/2013/08/DGS-3420_FW_R1.50.B0563.zip,2016-04-05 00:00:00,6872584,9d5d97b31ac19be6ae8a7f3309468e5623c2a3b3,de66c732ef9887b3e5c299489d9008a7
DGS-3420-28PC,R1.50.B047,https://www.dlink-jp.com/wp-content/uploads/2013/08/DGS-3420_FW_R1.50.B0473.zip,2015-03-10 00:00:00,7020066,b42ed8cfb08c1679654f6e6ec02648ed891b21e2,5decac5f67925d07b327dd191411bee8
DGS-3420-28SC,R1.50.B034,https://www.dlink-jp.com/wp-content/uploads/2013/08/DGS-3420_FW_R1.50.B0344.zip,2014-04-07 00:00:00,6960246,eed37209b4c8406eecbb7ccee471e96a5455de98,6266173336001ce6d80454288d4a231f
DGS-3420-28PC,R1.50.B056,https://www.dlink-jp.com/wp-content/uploads/2013/08/DGS-3420_FW_R1.50.B0562.zip,2016-04-05 00:00:00,6872584,9d5d97b31ac19be6ae8a7f3309468e5623c2a3b3,de66c732ef9887b3e5c299489d9008a7
DGS-3420-26SC,R1.50.B047,https://www.dlink-jp.com/wp-content/uploads/2013/08/DGS-3420_FW_R1.50.B0472.zip,2015-03-10 00:00:00,7020066,b42ed8cfb08c1679654f6e6ec02648ed891b21e2,5decac5f67925d07b327dd191411bee8
DGS-3420-26SC,R1.50.B034,https://www.dlink-jp.com/wp-content/uploads/2013/08/DGS-3420_FW_R1.50.B0345.zip,2014-04-07 00:00:00,6960246,eed37209b4c8406eecbb7ccee471e96a5455de98,6266173336001ce6d80454288d4a231f
DGS-3120-24TC,R3.00.B548,https://www.dlink-jp.com/wp-content/uploads/2013/06/DGS-3120_B1_FW_R3.00.B548.zip,2014-10-15 00:00:00,8372737,11690037d527033bad395108357b2e94a18fdc2b,e6db92e481bd7cd7ef8ea6385f881b60
DGS-3120-24PC,R3.00.B556,https://www.dlink-jp.com/wp-content/uploads/2013/06/DGS-3120_B1_R3.00.B5563.zip,2016-02-18 00:00:00,8139450,7b87cb67b32a39c2883ea094801baa982ec5df49,71eec6077644e532aafa715c0e0b029d
DGS-3120-48TC,R3.00.B548,https://www.dlink-jp.com/wp-content/uploads/2013/06/DGS-3120_B1_FW_R3.00.B5481.zip,2014-10-15 00:00:00,8372737,11690037d527033bad395108357b2e94a18fdc2b,e6db92e481bd7cd7ef8ea6385f881b60
DGS-3120-24TC,R3.00.B556,https://www.dlink-jp.com/wp-content/uploads/2013/06/DGS-3120_B1_R3.00.B556.zip,2016-02-18 00:00:00,8139450,7b87cb67b32a39c2883ea094801baa982ec5df49,71eec6077644e532aafa715c0e0b029d
DGS-3420-26SC,R1.50.B056,https://www.dlink-jp.com/wp-content/uploads/2013/08/DGS-3420_FW_R1.50.B0565.zip,2016-04-05 00:00:00,6872584,9d5d97b31ac19be6ae8a7f3309468e5623c2a3b3,de66c732ef9887b3e5c299489d9008a7
DGS-3120-48TC,R3.00.B556,https://www.dlink-jp.com/wp-content/uploads/2013/06/DGS-3120_B1_R3.00.B5562.zip,2016-02-18 00:00:00,8139450,7b87cb67b32a39c2883ea094801baa982ec5df49,71eec6077644e532aafa715c0e0b029d
DGS-3120-48PC,R3.00.B556,https://www.dlink-jp.com/wp-content/uploads/2013/06/DGS-3120_B1_R3.00.B5565.zip,2016-02-18 00:00:00,8139450,7b87cb67b32a39c2883ea094801baa982ec5df49,71eec6077644e532aafa715c0e0b029d
DGS-3120-48TC,R3.00.B534,https://www.dlink-jp.com/wp-content/uploads/2013/06/DGS-3120_B1_FW_R3.00.B5341.zip,2014-01-16 00:00:00,8372005,9c9125c15b7aaa409e93bc6186ee946aa7796efd,fcdcf0723a84c610827fe3efe5de3620
DGS-3120-24TC,R3.00.B534,https://www.dlink-jp.com/wp-content/uploads/2013/06/DGS-3120_B1_FW_R3.00.B534.zip,2014-01-16 00:00:00,8372005,9c9125c15b7aaa409e93bc6186ee946aa7796efd,fcdcf0723a84c610827fe3efe5de3620
DGS-3120-48PC,R3.00.B548,https://www.dlink-jp.com/wp-content/uploads/2013/06/DGS-3120_B1_FW_R3.00.B5483.zip,2014-10-15 00:00:00,8372737,11690037d527033bad395108357b2e94a18fdc2b,e6db92e481bd7cd7ef8ea6385f881b60
DGS-3120-24PC,R3.00.B548,https://www.dlink-jp.com/wp-content/uploads/2013/06/DGS-3120_B1_FW_R3.00.B5482.zip,2014-10-15 00:00:00,8372737,11690037d527033bad395108357b2e94a18fdc2b,e6db92e481bd7cd7ef8ea6385f881b60
DGS-3120-48PC,R3.00.B534,https://www.dlink-jp.com/wp-content/uploads/2013/06/DGS-3120_B1_FW_R3.00.B5343.zip,,8372005,9c9125c15b7aaa409e93bc6186ee946aa7796efd,fcdcf0723a84c610827fe3efe5de3620
DGS-3120-24PC,R3.00.B534,https://www.dlink-jp.com/wp-content/uploads/2013/06/DGS-3120_B1_FW_R3.00.B5342.zip,2014-01-16 00:00:00,8372005,9c9125c15b7aaa409e93bc6186ee946aa7796efd,fcdcf0723a84c610827fe3efe5de3620
DGS-3120-24SC,R3.00.B548,https://www.dlink-jp.com/wp-content/uploads/2013/06/DGS-3120_B1_FW_R3.00.B5484.zip,2014-10-15 00:00:00,8372737,11690037d527033bad395108357b2e94a18fdc2b,e6db92e481bd7cd7ef8ea6385f881b60
DGS-3120-24SC,R3.00.B556,https://www.dlink-jp.com/wp-content/uploads/2013/06/DGS-3120_B1_R3.00.B5566.zip,2016-02-18 00:00:00,8139450,7b87cb67b32a39c2883ea094801baa982ec5df49,71eec6077644e532aafa715c0e0b029d
DGS-3000-26TC,R1.10B017,https://www.dlink-jp.com/wp-content/uploads/2014/01/DGS-3000_R1.10B017.zip,2016-02-01 00:00:00,6764247,b3ec917a23a13151579f8a7b19a21756085bbe62,930b4a5d9c205c3b455920d5f73fc84f
DGS-3120-24SC-DC,R3.00.B548,https://www.dlink-jp.com/wp-content/uploads/2013/06/DGS-3120_B1_FW_R3.00.B5485.zip,2014-10-15 00:00:00,8372737,11690037d527033bad395108357b2e94a18fdc2b,e6db92e481bd7cd7ef8ea6385f881b60
DGS-3000-10TC,R1.10B017,https://www.dlink-jp.com/wp-content/uploads/2014/01/DGS-3000_R1.10B0171.zip,2016-02-01 00:00:00,6764247,b3ec917a23a13151579f8a7b19a21756085bbe62,930b4a5d9c205c3b455920d5f73fc84f
DGS-3120-24SC,R3.00.B534,https://www.dlink-jp.com/wp-content/uploads/2013/06/DGS-3120_B1_FW_R3.00.B5344.zip,2014-01-16 00:00:00,8372005,9c9125c15b7aaa409e93bc6186ee946aa7796efd,fcdcf0723a84c610827fe3efe5de3620
DGS-3120-24SC-DC,R3.00.B556,https://www.dlink-jp.com/wp-content/uploads/2013/06/DGS-3120_B1_R3.00.B5567.zip,2016-02-18 00:00:00,8139450,7b87cb67b32a39c2883ea094801baa982ec5df49,71eec6077644e532aafa715c0e0b029d
DGS-3000-10TC,R1.01.B007,https://www.dlink-jp.com/wp-content/uploads/2014/01/DGS-3000_A1_FW_R1.01.B007.zip,2014-07-31 00:00:00,6311364,7cae4def0905a17e8a713ae22a9edd0015025a04,915d48f237db5de9a84eccf54b5c22e2
DGS-3120-24SC-DC,R3.00.B534,https://www.dlink-jp.com/wp-content/uploads/2013/06/DGS-3120_B1_FW_R3.00.B5345.zip,2014-01-16 00:00:00,8372005,9c9125c15b7aaa409e93bc6186ee946aa7796efd,fcdcf0723a84c610827fe3efe5de3620
DGS-3000-26TC,R1.10.013,https://www.dlink-jp.com/wp-content/uploads/2014/01/DGS-3000_A1_FW_R1.10.0131.zip,2015-06-25 00:00:00,12834899,8ea894c0df03a46fb6c00d0862846366b6d21314,551aaaee86f0f39425475631835e80f4
DGS-3000-10TC,R1.10.013,https://www.dlink-jp.com/wp-content/uploads/2014/01/DGS-3000_A1_FW_R1.10.013.zip,2015-06-25 00:00:00,12834899,8ea894c0df03a46fb6c00d0862846366b6d21314,551aaaee86f0f39425475631835e80f4
DGS-1510-28X,R1.20,https://www.dlink-jp.com/wp-content/uploads/2014/11/DGS-1510_Run_1_20_B021.zip,2015-09-24 00:00:00,9123103,b1be7fd92aee502379c73f1dee11808a1c63b9fb,fca9b075be59d9317d4ada38e57298b2
DGS-1510-28,R1.20,https://www.dlink-jp.com/wp-content/uploads/2014/09/DGS-1510_Run_1_20_B0211.zip,2015-09-24 00:00:00,9123103,b1be7fd92aee502379c73f1dee11808a1c63b9fb,fca9b075be59d9317d4ada38e57298b2
DGS-3000-26TC,R1.01.B007,https://www.dlink-jp.com/wp-content/uploads/2014/01/DGS-3000_A1_FW_R1.01.B0071.zip,2014-07-31 00:00:00,6311364,7cae4def0905a17e8a713ae22a9edd0015025a04,915d48f237db5de9a84eccf54b5c22e2
DGS-1510-28P,R1.20,https://www.dlink-jp.com/wp-content/uploads/2014/09/DGS-1510_Run_1_20_B0212.zip,,9123103,b1be7fd92aee502379c73f1dee11808a1c63b9fb,fca9b075be59d9317d4ada38e57298b2
DGS-1510-52X,R1.20,https://www.dlink-jp.com/wp-content/uploads/2014/11/DGS-1510_Run_1_20_B0211.zip,2015-09-24 00:00:00,9123103,b1be7fd92aee502379c73f1dee11808a1c63b9fb,fca9b075be59d9317d4ada38e57298b2
DGS-1210-20,R4.10.004,https://www.dlink-jp.com/wp-content/uploads/2014/07/DGS-1210-20-C1-4-10-004.zip,2016-01-29 00:00:00,12455489,f2fb4e256a74b7b3efdac99508ef7e83ad86959e,63baf3c3c093591f373c342084854fd3
DGS-1510-20,R1.20,https://www.dlink-jp.com/wp-content/uploads/2014/09/DGS-1510_Run_1_20_B021.zip,2015-09-24 00:00:00,9123103,b1be7fd92aee502379c73f1dee11808a1c63b9fb,fca9b075be59d9317d4ada38e57298b2
DGS-1510-52,R1.20,https://www.dlink-jp.com/wp-content/uploads/2014/09/DGS-1510_Run_1_20_B0213.zip,,9123103,b1be7fd92aee502379c73f1dee11808a1c63b9fb,fca9b075be59d9317d4ada38e57298b2
DGS-1210-52,R4.00.064,https://www.dlink-jp.com/wp-content/uploads/2014/07/DGS-1210-52_FW_R4.00.064.zip,2015-04-21 00:00:00,12915259,2e2f7a8f4fb35cdb735ba7308ff2acc1f785d012,f74f9e41e087646c18bcb86a96d1521b
DGS-1100-18,R1.01.B030,https://www.dlink-jp.com/wp-content/uploads/2015/07/DGS-1100-B1_B21.01B030.zip,2016-07-25 00:00:00,1061892,4781a66bc7ff78da4f27690de6dd66b44e05b668,823d4bbc75b488bd60b023ce21cce162
DGS-1210-20,R4.00.064,https://www.dlink-jp.com/wp-content/uploads/2014/07/DGS-1210-20_FW_R4.00.064.zip,2015-04-21 00:00:00,12910446,ab5e15940911e75beae2d2dd68e290bc77a569da,a26ff99753f03c76b719a5f125082fd2
DGS-1210-52,R4.10.004,https://www.dlink-jp.com/wp-content/uploads/2014/07/DGS-1210-52-C1-4-10-004.zip,2016-01-29 00:00:00,12460061,aa6bf7077822707925a7c300035356b265d4e053,64b79580c26d77afb8f94f42e09336d4
DGS-1210-10P,R4.10.004,https://www.dlink-jp.com/wp-content/uploads/2015/11/DGS-1210-10P-C1-4-10-004.zip,2016-01-29 00:00:00,12495311,180f7861f0fafd2eb7a2510006399e017cc4c8af,83017f07c37fadf24f4a532a7da6f561
DGS-1100-18,R1.01.B019,https://www.dlink-jp.com/wp-content/uploads/2015/07/DGS-1100_B1B2_R1.01.B019.zip,2016-04-01 00:00:00,1066188,0e4e8b7e55caeb2cdafe01de9efb200f3a794ce2,cbfb0fa9e11bac8e0f50ba69b4f0ea5b
DGS-1210-28,R4.10.004,https://www.dlink-jp.com/wp-content/uploads/2014/03/DGS-1210-28-C1-4-10-004.zip,2016-01-29 00:00:00,12459208,4e35a49dc32a0a404c64fc57c7af77d2475575cf,6ebed7cb71720e069a261f1ddc94ba8e
DGS-1100-26,R1.01.B030,https://www.dlink-jp.com/wp-content/uploads/2015/07/DGS-1100-B1_B21.01B030-1.zip,2016-07-25 00:00:00,1061892,4781a66bc7ff78da4f27690de6dd66b44e05b668,823d4bbc75b488bd60b023ce21cce162
DGS-1210-28P,R4.10.004,https://www.dlink-jp.com/wp-content/uploads/2014/03/DGS-1210-28P-C1-4-10-004.zip,2016-01-29 00:00:00,12525452,d9a46ce1fe6fac1b5864ea5f4ff2680ff48363fb,2b336a65b3ecfde201e48570c113cbee
DGS-1100-26,R1.01.B019,https://www.dlink-jp.com/wp-content/uploads/2015/07/DGS-1100_B1B2_R1.01.B0191.zip,2016-04-01 00:00:00,1066188,0e4e8b7e55caeb2cdafe01de9efb200f3a794ce2,cbfb0fa9e11bac8e0f50ba69b4f0ea5b
DGS-1210-28,R4.00.064,https://www.dlink-jp.com/wp-content/uploads/2014/03/DGS-1210-28_FW_R4.00.064.zip,2015-04-21 00:00:00,12912750,253540f830f77472559b200b36fb3ea8ff63e1c8,b0233591dc0ea9d7929507d3c5628db2
DGS-1100-24P,R1.01.B019,https://www.dlink-jp.com/wp-content/uploads/2015/07/DGS-1100_B1B2_R1.01.B0192.zip,2016-04-01 00:00:00,1066188,0e4e8b7e55caeb2cdafe01de9efb200f3a794ce2,cbfb0fa9e11bac8e0f50ba69b4f0ea5b
DGS-1100-24P,R1.01.B030,https://www.dlink-jp.com/wp-content/uploads/2015/07/DGS-1100-B1_B21.01B030-2.zip,2016-07-25 00:00:00,1061892,4781a66bc7ff78da4f27690de6dd66b44e05b668,823d4bbc75b488bd60b023ce21cce162
DGS-1210-28P,R4.00.064,https://www.dlink-jp.com/wp-content/uploads/2014/03/DGS-1210-28P_FW_R4.00.064.zip,2015-04-21 00:00:00,12977730,99e8435398ce2418e91054e657c75d4c01f060f0,1f8aa79d87b7bd26f6e2387bccc9912a
DGS-1100-24,R1.01.B030,https://www.dlink-jp.com/wp-content/uploads/2015/04/DGS-1100-B1_B21.01B030.zip,2016-07-25 00:00:00,1061892,4781a66bc7ff78da4f27690de6dd66b44e05b668,823d4bbc75b488bd60b023ce21cce162
DGS-1100-16,R1.00.B016,https://www.dlink-jp.com/wp-content/uploads/2015/04/DGS-1100-16_24_FW_R1.00.B016.zip,2015-06-19 00:00:00,1121480,b1f52ac4d007b71906dc314bd942cf3499991bd0,47a6fde3ee350e18317f5cbd6713da9b
DGS-1100-05,R1.10.023,https://www.dlink-jp.com/wp-content/uploads/2013/07/DGS-1100-05-A1_FW_V1_10_023.zip,2016-07-04 00:00:00,458569,83a597752067435ca86a84061cc68e2a4d102499,15d6ee57ba1ef0184699464dfe2ecabc
DGS-1100-16,R1.01.B030,https://www.dlink-jp.com/wp-content/uploads/2015/04/DGS-1100-B1_B21.01B030-1.zip,2016-07-25 00:00:00,1061892,4781a66bc7ff78da4f27690de6dd66b44e05b668,823d4bbc75b488bd60b023ce21cce162
DGS-1100-05,R1.10B022,https://www.dlink-jp.com/wp-content/uploads/2013/07/DGS-1100-05-A1_FW_V1_10_B022_ABB4.zip,2016-01-18 00:00:00,460583,ef28b364cf59a20142c088a76420c328fb7e08b3,f566e400a120171fb71d69bd90538ce5
DGS-1100-08,R1.10.039,https://www.dlink-jp.com/wp-content/uploads/2012/08/DGS-1100-08-A1_FW_V1_10_039.zip,2016-07-04 00:00:00,460775,885091e25f7a918b480067d681da2b7bbfc0cc87,91b2c42e63351cb7b7f0fd9137c51dae
DGS-1100-05,R1.10.014,https://www.dlink-jp.com/wp-content/uploads/2013/07/DGS-1100-05-A1_FW_R1.10.014.zip,2015-06-05 00:00:00,611598,d4871d85e56e3fa5f9ab6e26308d5b78949d2613,1d9145a963d2a0dafe96ca244c152a00
DGS-1100-16,R1.01.B019,https://www.dlink-jp.com/wp-content/uploads/2015/04/DGS-1100_B1B2_R1.01.B0191.zip,2016-04-01 00:00:00,1066188,0e4e8b7e55caeb2cdafe01de9efb200f3a794ce2,cbfb0fa9e11bac8e0f50ba69b4f0ea5b
DGS-1100-24,R1.00.B016,https://www.dlink-jp.com/wp-content/uploads/2015/04/DGS-1100-16_24_FW_R1.00.B0161.zip,2015-06-19 00:00:00,1121480,b1f52ac4d007b71906dc314bd942cf3499991bd0,47a6fde3ee350e18317f5cbd6713da9b
DGS-1100-08P,R1.10.027,https://www.dlink-jp.com/wp-content/uploads/2011/03/DGS-1100-08P_R1.10.027.zip,2016-05-30 00:00:00,439424,58662629284394963972a9e5468aa00e2631cd66,e7c8ba80d9d07fbb9d5f75b8eba06191
DGS-1100-08,R1.10B038,https://www.dlink-jp.com/wp-content/uploads/2012/08/DGS-1100-08-A1_FW_V1_10_B038_033A.zip,2016-01-18 00:00:00,463191,01d888dcdd7e9881777a6d9403b6f114a1934233,0e1d51bb6326b79b157436bb2525131d
DGS-1100-08,R1.10.B017,https://www.dlink-jp.com/wp-content/uploads/2012/08/DGS-1100-08_FW_R1.10.B017.zip,2014-07-18 00:00:00,620884,010114632f6e769319a94e684d73e51d47e3bfff,7b9794b729157daf96bba8e280d3000e
DGS-1100-08P,R1.10B026,https://www.dlink-jp.com/wp-content/uploads/2011/03/DGS-1100-08P_A1_FW_V1_10_B026_382B.zip,2016-01-16 00:00:00,465610,f668d19035efb7c72feb14d7acf4df46eeef66f5,2f005796d71a5291b5f5dd5d59af6e96
DGS-1100-24,R1.01.B019,https://www.dlink-jp.com/wp-content/uploads/2015/04/DGS-1100_B1B2_R1.01.B019.zip,2016-04-01 00:00:00,1066188,0e4e8b7e55caeb2cdafe01de9efb200f3a794ce2,cbfb0fa9e11bac8e0f50ba69b4f0ea5b
DGS-1100-08P,R1.10.021,https://www.dlink-jp.com/wp-content/uploads/2011/03/DGS-1100-08P_FW_R1.10.021.zip,2015-05-15 00:00:00,583235,7a2ac55a66023e5df01319d5c91cf1ed83162fb8,74442e435f79dab486fdc858b9854a0c
DGS-1210-28P,R4.00.B043,https://www.dlink-jp.com/wp-content/uploads/2014/03/DGS-1210-28P_FW_R4.00B043.zip,2014-06-10 00:00:00,12936940,27edd3b11407b0c85890f7153ab47ff663620b54,f4bd61d49df8294ec1e0b68928a69c7d
DES-3200-28/T,R4.04.B005,https://www.dlink-jp.com/wp-content/uploads/files/DES3200_RUNTIME_V4.04.B005.zip,2013-07-29 00:00:00,6394160,44457ead01c20365c4c7021d714cd43ee4fc8eb9,389a23c60663cbd32c34854963b39a6a
DES-3200-10/T,R4.04.B005,https://www.dlink-jp.com/wp-content/uploads/files/DES3200_RUNTIME_V4.04.B005.zip,2013-07-29 00:00:00,6394160,44457ead01c20365c4c7021d714cd43ee4fc8eb9,389a23c60663cbd32c34854963b39a6a
DES-3200-28/T,R4.04.004,https://www.dlink-jp.com/wp-content/uploads/2013/09/DES-3200_SERIES_FW_V4.04.0041.zip,2013-03-25 00:00:00,6435144,cce3c0923db189a045f9f00a29422a1e8018e2e0,1017f73d32aeec015d9d104a4fc51b02
DES-3200-28P,R4.04.004,https://www.dlink-jp.com/wp-content/uploads/2012/06/DES-3200_SERIES_FW_V4.04.004.zip,2013-03-25 00:00:00,6435144,cce3c0923db189a045f9f00a29422a1e8018e2e0,1017f73d32aeec015d9d104a4fc51b02
DES-3200-28P,R4.04.B005,https://www.dlink-jp.com/wp-content/uploads/files/DES3200_RUNTIME_V4.04.B005.zip,2013-07-29 00:00:00,6394160,44457ead01c20365c4c7021d714cd43ee4fc8eb9,389a23c60663cbd32c34854963b39a6a
DES-3200-10/T,R4.04.004,https://www.dlink-jp.com/wp-content/uploads/files/DES-3200_SERIES_FW_V4.04.004.zip,2013-03-25 00:00:00,6435144,cce3c0923db189a045f9f00a29422a1e8018e2e0,1017f73d32aeec015d9d104a4fc51b02
DES-3200-26/T,R4.04.004,https://www.dlink-jp.com/wp-content/uploads/2013/09/DES-3200_SERIES_FW_V4.04.0042.zip,2013-03-25 00:00:00,6435144,cce3c0923db189a045f9f00a29422a1e8018e2e0,1017f73d32aeec015d9d104a4fc51b02
DES-3200-18/T,R4.04.B005,https://www.dlink-jp.com/wp-content/uploads/files/DES3200_RUNTIME_V4.04.B005.zip,2013-07-29 00:00:00,6394160,44457ead01c20365c4c7021d714cd43ee4fc8eb9,389a23c60663cbd32c34854963b39a6a
DES-1210-28P,R4.10.004,https://www.dlink-jp.com/wp-content/uploads/2015/10/DES-1210-28P_FW_V4.10.004.zip,2016-03-14 00:00:00,7562699,180737c2ebe5cf4c3c7892e0b88d4153dd28d985,e2616a7d8466f29e5c237ca7c91251d1
DES-3200-26/T,R4.04.B005,https://www.dlink-jp.com/wp-content/uploads/files/DES3200_RUNTIME_V4.04.B005.zip,2013-07-29 00:00:00,6394160,44457ead01c20365c4c7021d714cd43ee4fc8eb9,389a23c60663cbd32c34854963b39a6a
DES-1210-28,R4.10.004,https://www.dlink-jp.com/wp-content/uploads/2015/06/DES-1210-28_FW_v4.10.004.zip,2016-03-14 00:00:00,7496326,a94e69c91edfab4cebf9b9bc349bc85968278b8e,798f90f8c4ba608329e245e921cacb01
DES-3200-18/T,R4.04.004,https://www.dlink-jp.com/wp-content/uploads/files/DES-3200_SERIES_FW_V4.04.004.zip,2013-03-25 00:00:00,6435144,cce3c0923db189a045f9f00a29422a1e8018e2e0,1017f73d32aeec015d9d104a4fc51b02
DES-3200-52P,R4.04.B005,https://www.dlink-jp.com/wp-content/uploads/files/DES3200_RUNTIME_V4.04.B005.zip,2013-07-29 00:00:00,6394160,44457ead01c20365c4c7021d714cd43ee4fc8eb9,389a23c60663cbd32c34854963b39a6a
DES-3200-52/T,R4.04.004,https://www.dlink-jp.com/wp-content/uploads/2013/09/DES-3200_SERIES_FW_V4.04.004.zip,2013-03-25 00:00:00,6435144,cce3c0923db189a045f9f00a29422a1e8018e2e0,1017f73d32aeec015d9d104a4fc51b02
DES-3200-52/T,R4.04.B005,https://www.dlink-jp.com/wp-content/uploads/2013/09/DES3200_RUNTIME_V4.04.B005.zip,2013-07-29 00:00:00,6394160,44457ead01c20365c4c7021d714cd43ee4fc8eb9,389a23c60663cbd32c34854963b39a6a
DES-3200-52P,R4.04.004,https://www.dlink-jp.com/wp-content/uploads/2012/06/DES-3200_SERIES_FW_V4.04.0041.zip,2013-03-25 00:00:00,6435144,cce3c0923db189a045f9f00a29422a1e8018e2e0,1017f73d32aeec015d9d104a4fc51b02
DES-1100-16,R1.00.B024,https://www.dlink-jp.com/wp-content/uploads/2011/01/DES-1100-24_16_V1.00.B024.zip,2013-12-05 00:00:00,957709,74c4a39dcc711786129534f39fb9f31df12a5f62,7a06d2366322584280962baef17dbf43
DES-1100-16,R1.00.B026,https://www.dlink-jp.com/wp-content/uploads/2011/01/DES-1100-16_24_FW_R1.00.B026.zip,2014-11-28 00:00:00,960172,35e125b84ff7ef9e316f7d2db61b4f67741b0c4b,7a6260a57184d806730ef5b8cd4c3117
DES-1100-16,R1.00.B025,https://www.dlink-jp.com/wp-content/uploads/2011/01/DES-1100-24_16_FW_V1.00.B025.zip,2014-07-14 00:00:00,944523,cac6d3b84c8383640c571124c70802a5ef333b72,fa0e6d9a8c6c1d36ea3d90242b41036b
DES-1210-08P,R3.12.B023,https://www.dlink-jp.com/wp-content/uploads/2013/02/DES-1210-08P_B1_FW_R3.12.B023.zip,2014-12-11 00:00:00,11653680,a69106cdcacd269bbd3c91efbc86ad62d39149d2,59dd83a34b7a8c4eb7c2738aa7671605
DES-1100-24,R1.00.B026,https://www.dlink-jp.com/wp-content/uploads/2011/01/DES-1100-16_24_FW_R1.00.B0261.zip,2014-11-28 00:00:00,960172,35e125b84ff7ef9e316f7d2db61b4f67741b0c4b,7a6260a57184d806730ef5b8cd4c3117
DES-1210-52,R4.10.004,https://www.dlink-jp.com/wp-content/uploads/2015/04/DES-1210-52_FW_v4.10.004.zip,2016-03-14 00:00:00,7526912,852c7779e002efbeebc43220f76cc35970e1b0cd,d1f767f91cfdf4d7a4a2af3b5aa95cd4
DES-1100-24,R1.00.B024,https://www.dlink-jp.com/wp-content/uploads/2011/01/DES-1100-24_16_V1.00.B0241.zip,2013-12-05 00:00:00,957709,74c4a39dcc711786129534f39fb9f31df12a5f62,7a06d2366322584280962baef17dbf43
DES-1100-24,R1.00.B025,https://www.dlink-jp.com/wp-content/uploads/2011/01/DES-1100-24_16_FW_V1.00.B0251.zip,2014-07-14 00:00:00,944523,cac6d3b84c8383640c571124c70802a5ef333b72,fa0e6d9a8c6c1d36ea3d90242b41036b
DWS-3160-24PC,R4.3.1.3,https://www.dlink-jp.com/wp-content/uploads/2012/09/DWS-3160_FW_R4.3.1.3-1.zip,2014-07-24 00:00:00,8423856,55a159bf62387ccc5f89794571cdbd528c594004,2b309540579c7da6e04cd64529e985c5
DWS-3160-24TC,R4.3.1.3,https://www.dlink-jp.com/wp-content/uploads/2012/09/DWS-3160_FW_R4.3.1.3.zip,2014-07-24 00:00:00,8423856,55a159bf62387ccc5f89794571cdbd528c594004,2b309540579c7da6e04cd64529e985c5
DWC-1000,R4.4.1.2,https://www.dlink-jp.com/wp-content/uploads/2015/09/DWC-1000_B1_FW_R4.4.1.zip,,30741768,9639e97bc5026022f84324963c5ecc4e7214a752,cda7e9ac253ce86e0bb296ce6f268330
DWC-1000,R4.4.1.2,https://www.dlink-jp.com/wp-content/uploads/2013/09/DWC-1000A1.zip,2015-12-18 00:00:00,29825451,f5317f92ec13c580eb00352725717fb148fea66e,70f63c663d4de254dad92da0dbfba8db
DWS-4026,R4.3.0.3B028,https://www.dlink-jp.com/wp-content/uploads/2015/06/2c6e4b0ab3167fc5f2e980e8f4657958.zip,2016-07-01 00:00:00,12464698,64da14cc35810e3f4dab0a71ad59857282dcbdea,9cd1aa925c16eee9eb7944b65a3645ce
DWC-2000,R4.4.0.3B601C,https://www.dlink-jp.com/wp-content/uploads/2015/04/DWC-2000_A1_FW4.4.0.3B601C_WW.zip,2015-12-07 00:00:00,37551680,288d1b9e2186afe069d2b21388354db84a419300,dedf5a8292b7916f760825cb70d398b0
DWS-4026,R4.3.0.3,https://www.dlink-jp.com/wp-content/uploads/2010/03/DWS-4026_RNOTE_R4.3.0.3_B007.zip,2014-06-09 00:00:00,12807221,5336fb6740dedc9304b680c2f9ee6fd2d80c735a,7728914339216107cdf7a58793c40156
DWS-4026,R4.1.0.8,https://www.dlink-jp.com/wp-content/uploads/files/DWS-4026_FW_R4.1.0.8.zip,2012-06-22 00:00:00,11039789,997bfc51b705fae409913ba04fa1b15fb298ccfb,62217d9ef86fadd2087cd040916ee94b
DWL-8610AP,R4.3.0.5B001C,https://www.dlink-jp.com/wp-content/uploads/2015/04/DWL-8610_FW_v_4.3.0.5B001C.zip,2016-08-26 00:00:00,17686774,1ab8168f98416c39f217cf7b80b1bbfccbc4f420,1ca5fc161ebad844743bb68cb9200580
DWL-8610AP,R4.3.0.2B060C,https://www.dlink-jp.com/wp-content/uploads/2015/04/DWL-8610AP_R4_3_0_2B060C.zip,2016-05-26 00:00:00,17655935,715db916e992becc3984bffe697b954766f722bb,9bc4cc93af941782582123575f865802
DAP-2695,R1.16.Beta02rc056,https://www.dlink-jp.com/wp-content/uploads/2014/06/DAP-2695FWR1.16beta02rc056.zip,2015-12-15 00:00:00,9396343,9455b5006a774b9560731aa09e689d749c3b7e20,c29042161d5a7fb391eccaad162a93ab
DWC-1000,R4.2.0.3,https://www.dlink-jp.com/wp-content/uploads/files/DWC-1000_A1_FW_V4.2.0.3.zip,2013-07-01 00:00:00,54238376,9a7d678c7dbf5cd740e4d9e7e59efdf208c98356,16bff08bad3154eb5c6df352cb2899f5
DAP-2660,R1.06beta05rc040,https://www.dlink-jp.com/wp-content/uploads/2014/10/DAP-2660_FW_v1.06beta05rc040.zip,2015-05-08 00:00:00,8989439,906582478ceb69b0895ac8c455d9d1d3726cf3e6,cca01c3963754a21077e0102b56befe2
DWC-1000,R4.2.0.6,https://www.dlink-jp.com/wp-content/uploads/2013/09/DWC-1000_A1_FW_v4.2.0.6.zip,2014-06-17 00:00:00,54680195,19193bff812051d32008ed109e07098305d5abb7,831c9def4f67d9e5ac9955807483204f
DWL-8610AP,R4.3.0.2,https://www.dlink-jp.com/wp-content/uploads/2015/04/DWL-8610AP_R4.3.0.2B058C.zip,2016-01-27 00:00:00,17678671,7b3fd118f426b35f52697e26dbb5a8036ef1b38e,94983a27357062562729fd89ad8c23f6
DAP-1665,R1.04JPB01,https://www.dlink-jp.com/wp-content/uploads/2014/08/DAP-1665_A1_FW104JPB01.zip,2016-09-01 00:00:00,4246905,6bca922ec2725135287be7e0d16dbf1372935c58,bc4bd8f8f4ad6d9d7fcff98222b23799
DAP-2695,R1.11rc044,https://www.dlink-jp.com/wp-content/uploads/2014/06/DAP-2695_FW_R1.11rc044.zip,2015-03-24 00:00:00,9062513,93f20c9dfdd9ab826e364e87c8479c5760b4e2b3,79f71426b4f69ec8e62e0ba638715bb0
DAP-2660,R1.11beta09rc060,https://www.dlink-jp.com/wp-content/uploads/2014/10/DAP-2660.zip,2016-01-12 00:00:00,9055614,b16bc513e33ca2f46ae0f24330cbb0c29f8e25f4,278d39eddaf006084b3b53d90908da7b
DAP-1665,R1.03JPB01,https://www.dlink-jp.com/wp-content/uploads/2014/08/DAP-1665_R1.03JPB01.zip,2016-05-23 00:00:00,4244865,01b68da0f28cb214de068a494d11d5c67b3b6311,7ed9b09a826ebce3e2fbb429886d153f
DAP-1665,R1.02JPB01,https://www.dlink-jp.com/wp-content/uploads/2014/08/DAP1665_A1_FW102JPB01.zip,2016-03-01 00:00:00,4233678,c8ea3b3231cd1db36d449b5a9f183de3cc22fa08,69df807afe3b5a4cdeefb4fb2b671cc8
DSR-500,R2.02BD02C,https://www.dlink-jp.com/wp-content/uploads/2011/04/DSR-5001.zip,2015-12-11 00:00:00,23714361,47054e6b8491e35c552b10520e473e67f581353e,bc947a5417b0c9d9819b580db8dcf257
DSR-500,R1.08B51,https://www.dlink-jp.com/wp-content/uploads/2011/04/DSR-500_FW_R1.08B51.zip,2013-10-07 00:00:00,26316499,ff2056e5261979e86f9638b3d4a1cab67d0f2440,9f60e68e376b5baceda6f3b423c57bb1
DAP-2690,R3.00,https://www.dlink-jp.com/wp-content/uploads/2013/09/DAP-2690_B1_FW_R3.00_rc028.zip,2013-09-25 00:00:00,5863656,78dcdae9156ebae475f3ae37dd3a70e300bce959,c6e878d319297c8080490d586b98020c
DWL-6600AP,R4.2.0.10,https://www.dlink-jp.com/wp-content/uploads/2012/11/DWL-6600AP_R4.2.0.10.zip,2016-07-01 00:00:00,14764626,6b4d19fcb42ec6800fd2d303f682ccebeadab576,32a9f3e82bca5bbcaf315d61cd301b36
DWL-6600AP,R4.2.0.9.B029,https://www.dlink-jp.com/wp-content/uploads/2012/11/DWL-6600AP_FW_4_2_0_9_B029.zip,2015-12-15 00:00:00,14731244,5ecdad9b198e17d2d5640db205214297af38a7a3,05192d6f3fc93fda59eeb732198b9288
DWL-6600AP,R4.2.0.9,https://www.dlink-jp.com/wp-content/uploads/2012/11/DWL-6600AP_FW_R4.2.0.9_B014.zip,2014-11-07 00:00:00,14586681,9d9e6e914d894e44cea3a887ddcc54598dcf7305,2de0785f0ddbb1eb7d3ae71f1c96fbb2
DAP-2360,R2.06beta03rc042,https://www.dlink-jp.com/wp-content/uploads/2014/08/DAP-2360_R2.06beta03rc042.zip,2016-01-06 00:00:00,17259120,7f356abe71d42689acb119c3f9add26c8170b4f9,da560038451ea80737699b559b8d8ca4
DSR-500,R1.09B61,https://www.dlink-jp.com/wp-content/uploads/2011/04/DSR-500_A1_FW1.09B61.zip,2014-08-12 00:00:00,26775308,25da04721f047134bf2608b55dfbb2aec27ad273,db97ad02b1a9aae3f3cf5544120361f9
DSR-1000,R1.09B61,https://www.dlink-jp.com/wp-content/uploads/2011/04/DSR-1000_A1_FW1.09B61.zip,2014-08-12 00:00:00,26775313,706dd9269adbdbb3e4792d594d23b279611c7c66,1f44b5a54599845d0482ddebddc7d1b6
DFL-860E,R02.40.01.08,https://www.dlink-jp.com/wp-content/uploads/2011/01/DFL-860E_FW_R2.40.01.08.zip,2012-06-29 00:00:00,5835972,4a0a2a5d288b919961c0c5499a1a3be5edaae4db,32162584cb64e11c5ab477a23618b66c
DFL-860E,R02.30.01,https://www.dlink-jp.com/wp-content/uploads/files/DFL-860E_FW_R2.30.01.zip,2011-11-30 00:00:00,5588122,226aa037133df2bab45734b4aa2a2ca198f7e390,e536b4914e1fb1cecfc634117f00c32b
DFL-2560,R02.40.01.08,https://www.dlink-jp.com/wp-content/uploads/files/DFL-2560_FW_R2.40.01.08.zip,2012-06-29 00:00:00,5606217,a742cbe746419fc885001176510f65271c1a0f3c,7073c606e3999c356cc301abceb7be24
DFL-2560,R02.30.01,https://www.dlink-jp.com/wp-content/uploads/files/DFL-2560_FW_R2.30.01.zip,2011-11-30 00:00:00,5416243,46cf97b558b0836484c584ff30de0cab3ff6e930,82c12be0edcec655e127fa18ebb37ecd
DSR-1000,R2.02BD02C,https://www.dlink-jp.com/wp-content/uploads/2011/04/DSR-10001.zip,2015-12-11 00:00:00,49792253,4ee207ebc14ab799357f2339305ab1bb4669ff52,22b7438e8cbd6091a2c8327b780e9944
DFL-2560,R02.27.02,https://www.dlink-jp.com/wp-content/uploads/files/DFL-2560_FW_R2.27.02.zip,2011-01-17 00:00:00,4718572,ca751d1900cd0bf505b410e1479ce3dfa9682712,ce157d71952a7fa3f982a58c1eb828ec
DSR-1000,R1.08B51,https://www.dlink-jp.com/wp-content/uploads/2011/04/DSR-1000_FW_R1.08B51.zip,2013-10-07 00:00:00,26316504,9a532b05c3c5d7199ab3bc0b9b20e945892be8a1,a7707dbd65475751ea13e412a611797b
DMC-1002,R1.18,https://www.dlink-jp.com/wp-content/uploads/files/DMC-1002_FW_R1.18.zip,2010-06-30 00:00:00,1373729,d7d23b9ad11ca0e124a3e8615170e1fb5971395b,1354a2e33ae1940140eedfc50780afa8
DMC-1002,R1.23,https://www.dlink-jp.com/wp-content/uploads/files/DMC-1002_FW_R1.23.zip,2012-08-24 00:00:00,1751512,d52b2dfa51e4717128cfbe356382ef10209ca0f9,5b5893c7d64b4c25f9a7f81e32e87a30
DMC-1002,R1.18,https://www.dlink-jp.com/wp-content/uploads/files/DMC-1002_FW_R1.18.zip,2010-06-30 00:00:00,1373729,d7d23b9ad11ca0e124a3e8615170e1fb5971395b,1354a2e33ae1940140eedfc50780afa8
DMC-1002,R1.23,https://www.dlink-jp.com/wp-content/uploads/files/DMC-1002_FW_R1.23.zip,2012-08-24 00:00:00,1751512,d52b2dfa51e4717128cfbe356382ef10209ca0f9,5b5893c7d64b4c25f9a7f81e32e87a30
DWL-8600AP,R4.3.0.2B04,https://www.dlink-jp.com/wp-content/uploads/2015/06/DWL-8600AP_R4.3.0.2B04.zip,2016-04-11 00:00:00,15210844,4de87059d325c369b4be5d98076d0156272f4873,aa600f6ecb2ee376dd3c6454cdf453a6
DWL-8600AP,R4.3.0.1B003,https://www.dlink-jp.com/wp-content/uploads/2010/03/DWL-8600AP_FW_R4.3.0.1B003.zip,2014-09-16 00:00:00,15309859,e2d6da40938ec77687c67c1406138f6012958814,97d0cc973207a327d04b86855010ae48
DWL-8600AP,R4.1.0.8,https://www.dlink-jp.com/wp-content/uploads/files/DWL-8600AP_FW_R4.1.0.8.zip,2012-06-22 00:00:00,14885725,1d6460073965d2eef3d541aa3b0cdd6e5eaeeed5,e6f9d428b411b19df4fdd62ed9f1af20
DWS-4026,R4.1.0.8,https://www.dlink-jp.com/wp-content/uploads/files/DWS-4026_FW_R4.1.0.8.zip,2012-06-22 00:00:00,11039789,997bfc51b705fae409913ba04fa1b15fb298ccfb,62217d9ef86fadd2087cd040916ee94b
DWS-4026,R4.3.0.3,https://www.dlink-jp.com/wp-content/uploads/2010/03/DWS-4026_RNOTE_R4.3.0.3_B007.zip,2014-06-09 00:00:00,12807221,5336fb6740dedc9304b680c2f9ee6fd2d80c735a,7728914339216107cdf7a58793c40156
DAP-3690,R1.10rc064,https://www.dlink-jp.com/wp-content/uploads/2012/09/DAP-3690_FW_R1.10rc064.zip,2015-04-24 00:00:00,7787875,020795786598e3ac537a689137ab00704a7ca0f5,76275d220a192f4cc379d71e39620708
DGS-3120-24SC（H/W：A1/A2),R3.00.B056,https://www.dlink-jp.com/wp-content/uploads/2013/09/DGS-3120_A1A2_R3.00.B0561.zip,2016-02-18 00:00:00,7213945,2944431346ba3de35b79ba4642e34bc2ae4d787c,2aab8976ced2d7147770bd6118302951
DFL-860E,R02.40.01.08,https://www.dlink-jp.com/wp-content/uploads/2011/01/DFL-860E_FW_R2.40.01.08.zip,2012-06-29 00:00:00,5835972,4a0a2a5d288b919961c0c5499a1a3be5edaae4db,32162584cb64e11c5ab477a23618b66c
DES-3200-28/T,R4.04.B005,https://www.dlink-jp.com/wp-content/uploads/files/DES3200_RUNTIME_V4.04.B005.zip,2013-07-29 00:00:00,6394160,44457ead01c20365c4c7021d714cd43ee4fc8eb9,389a23c60663cbd32c34854963b39a6a
DES-3200-28/T,R4.04.004,https://www.dlink-jp.com/wp-content/uploads/2013/09/DES-3200_SERIES_FW_V4.04.0041.zip,2013-03-25 00:00:00,6435144,cce3c0923db189a045f9f00a29422a1e8018e2e0,1017f73d32aeec015d9d104a4fc51b02
DWS-4026,R4.3.0.3B028,https://www.dlink-jp.com/wp-content/uploads/2015/06/2c6e4b0ab3167fc5f2e980e8f4657958.zip,2016-07-01 00:00:00,12464698,64da14cc35810e3f4dab0a71ad59857282dcbdea,9cd1aa925c16eee9eb7944b65a3645ce
DFL-860E,R02.30.01,https://www.dlink-jp.com/wp-content/uploads/files/DFL-860E_FW_R2.30.01.zip,2011-11-30 00:00:00,5588122,226aa037133df2bab45734b4aa2a2ca198f7e390,e536b4914e1fb1cecfc634117f00c32b
DGS-3120-24SC（H/W：A1/A2),R3.00.B049,https://www.dlink-jp.com/wp-content/uploads/2013/09/DGS-3120_A1A2_FW_R3.00.B0491.zip,2014-10-15 00:00:00,7421895,c0287751bc57baa949ad63119e5c69f8a6ef8ea3,772fe7be903f5648342523da489fb073
DGS-3120-48TC（H/W：A1/A2),R3.00.B037,https://www.dlink-jp.com/wp-content/uploads/2013/09/DGS-3120_A1A2_FW_R3.00.B0375.zip,2014-01-16 00:00:00,7484349,bdbff27a02a1f7a257e5b40497095d57e6b94c8a,ddeb8992cd5a81736f1d2ffa19b3b1e5
DGS-3120-48TC（H/W：A1/A2),R3.00.B056,https://www.dlink-jp.com/wp-content/uploads/2013/09/DGS-3120_A1A2_R3.00.B0562.zip,2016-02-18 00:00:00,7213945,2944431346ba3de35b79ba4642e34bc2ae4d787c,2aab8976ced2d7147770bd6118302951
DGS-3120-24SC（H/W：A1/A2),R3.00.B037,https://www.dlink-jp.com/wp-content/uploads/2013/09/DGS-3120_A1A2_FW_R3.00.B0373.zip,2014-01-16 00:00:00,7484349,bdbff27a02a1f7a257e5b40497095d57e6b94c8a,ddeb8992cd5a81736f1d2ffa19b3b1e5
DGS-3120-48TC（H/W：A1/A2),R3.00.B049,https://www.dlink-jp.com/wp-content/uploads/2013/09/DGS-3120_A1A2_FW_R3.00.B0492.zip,2014-10-15 00:00:00,7421895,c0287751bc57baa949ad63119e5c69f8a6ef8ea3,772fe7be903f5648342523da489fb073
DWL-8500AP,R2.2.0.23,https://www.dlink-jp.com/wp-content/uploads/files/DWL_3500AP_8500AP_FW_R22023.zip,2010-04-08 00:00:00,5888358,1aa94adf82262dc635dae305c4307c062bc7907e,4c8ccebb71104077f9e4c3b496098b99
DWL-8500AP,R3.0.0.16,https://www.dlink-jp.com/wp-content/uploads/files/DWL-3500AP_8500AP_FW_R3.0.0.16.zip,2011-11-30 00:00:00,6359264,7d2ad8d7ca011154dfac0af5d225c193fe31881b,509d7cb2fb47095fd4f2958363d3c5b3
DWL-8500AP,R2.2.0.24,https://www.dlink-jp.com/wp-content/uploads/files/DWL_3500AP_8500AP_FW_R22024.zip,2010-07-26 00:00:00,5888025,f8d1f6918e3451a6492cc839b3be0eb276fd7933,63247dca1036eb66f1bcab5fafc383a5
DXS-3600-32S（SI版）,R2.00.B042,https://dlink-jp.com/wp-content/uploads/2016/10/DXS-3600_FW_R2.00.B042-1.zip,,10172592,a8db89b27358fda6905d27c915d17b4b1a1c1e91,0c9da22dc9ddfbc16bb307b129e3588c
DXS-3600-32S（SI版）,R2.40.046,https://dlink-jp.com/wp-content/uploads/2016/10/DXS-3600-16S_32S_FW-R2.4-1.zip,,22421883,21782e2bd0cfb716573e801fb4afc76b6432ebe9,49dabfe32d3767375c8bd67da27c8dc7
DGS-6600-CM-II,R4.00.B063,https://dlink-jp.com/wp-content/uploads/2013/06/DGS-6600_FW_R4.00.B0631.zip,2015-05-21 00:00:00,306164,798e39a5e212e90e939d0ea80bd109bc4ff5008b,cfd11a2ebe251fadf3f597799ad9ba36
DGS-6608,R4.00.B063,https://dlink-jp.com/wp-content/uploads/2013/06/DGS-6600_FW_R4.00.B06313.zip,2015-05-21 00:00:00,306164,798e39a5e212e90e939d0ea80bd109bc4ff5008b,cfd11a2ebe251fadf3f597799ad9ba36
DXS-3600-16S（SI版）,R2.00.B042,https://dlink-jp.com/wp-content/uploads/2016/10/DXS-3600_FW_R2.00.B042.zip,,10172592,a8db89b27358fda6905d27c915d17b4b1a1c1e91,0c9da22dc9ddfbc16bb307b129e3588c
DGS-1210-10P/GE,R3.12.B023,https://dlink-jp.com/wp-content/uploads/2012/06/DGS-1210-10P_B1_FW_R3.12.B023.zip,2014-12-11 00:00:00,9072216,65888b53e0f1e9c1bb8df3c8ae1133b83947fe7e,f4adbf5fba9276572b40156e289aca7b
DSR-1000N,R1.08B51,https://dlink-jp.com/wp-content/uploads/2011/02/DSR-1000N_FW_R1.08B51.zip,2013-10-07 00:00:00,26316524,f177b56444105f1ee8526801c62bf7f59c886179,6dade70a9a1aae3dbf2b2185b8c72db1
DXS-3600-16S（SI版）,R2.40.046,https://dlink-jp.com/wp-content/uploads/2016/10/DXS-3600-16S_32S_FW-R2.4.zip,,22421883,21782e2bd0cfb716573e801fb4afc76b6432ebe9,49dabfe32d3767375c8bd67da27c8dc7
DGS-6604,R4.00.B063,https://dlink-jp.com/wp-content/uploads/2013/06/DGS-6600_FW_R4.00.B06312.zip,2015-05-21 00:00:00,306164,798e39a5e212e90e939d0ea80bd109bc4ff5008b,cfd11a2ebe251fadf3f597799ad9ba36
DGS-1210-10P/GE,R3.10.B029,https://dlink-jp.com/wp-content/uploads/2012/06/DGS-1210-10P_FW_R3.10.B029.zip,2013-07-22 00:00:00,8933492,0f4da7e771468f05c09baa1d42e4af2fb425ec9e,36344e1030f5341b84aefb6623b021ff
DGS-1210-10P/GE,R3.11.B002,https://dlink-jp.com/wp-content/uploads/2012/06/DGS-1210-10P_FW_R3.11.B002.zip,2013-09-25 00:00:00,8927326,07d1ad22a6512e57562f8639c851247444f575ce,48077474b9e9a7c1092d74ad437d0967
DSR-1000N,R2.02BD02C,https://dlink-jp.com/wp-content/uploads/2011/02/DSR-1000N1.zip,2015-12-11 00:00:00,23714380,005e0893fd2e17e274207ed1e50a126dcc5cd5fa,58cf225959163c651915c8e1d7ecf5bb
DSR-1000N,R1.09B61,https://dlink-jp.com/wp-content/uploads/2011/02/DSR-1000N_A1_FW1.09B61.zip,2014-08-12 00:00:00,26775320,9f036b9928df8ba15fc70c82031cb40563bd84b1,6f045be0b3d5d438f6033757c8139ead
DFL-1660,R2.40.01.08,https://dlink-jp.com/wp-content/uploads/files/DFL-1660_FW_R2.40.01.08.zip,2012-06-29 00:00:00,5606217,8ca831f3d2c7c3314370993fa685c907f6371783,8f7126a5d5cb1189228563aada5454b2
DFL-1660,R2.30.01,https://dlink-jp.com/wp-content/uploads/files/DFL-1660_FW_R2.30.01.zip,2011-11-30 00:00:00,5416242,60338b463db502a596711ad0c84291f2f05ea68e,fc2acdf4c6fe3f1ed1b0ae8871383d65
DFL-1660,R2.27.02,https://dlink-jp.com/wp-content/uploads/files/DFL-1660_FW_R2.27.02.zip,2011-01-17 00:00:00,4718571,271a31904f9bec383e0bce9abc55f0726f677860,49a23c5be6be1df577a77349f4e8ddd2
DGS-1500-20,R2.50.008,https://dlink-jp.com/wp-content/uploads/2012/07/DGS-1500-20_FW_R2.50.008.zip,2014-03-07 00:00:00,9526466,7a34e86578ce4a395bc9b84354afe9b9d6f06f6f,3c4e0c47fec483dab3eb8454dd77f102
DGS-1500-20,R2.51.B008,https://dlink-jp.com/wp-content/uploads/2012/07/DGS-1500-20_FW_R2.51.B008.zip,2014-10-28 00:00:00,9594451,25ce861225bded80f310dae279566d1d9e33dce8,914452bc4cdfb89b5e2f726cb04a9d0d
DGS-6600-CM-II,R4.00.056,https://dlink-jp.com/wp-content/uploads/2013/06/DGS-6600_FW_R4.00.0562.zip,2014-07-17 00:00:00,73586458,0ca0eb07f5e636a23fff4f064c497b5fa7b8d23d,9aed5ae5e11e714757bd6ddc27c7842d
DGS-1500-20,R2.10.002,https://dlink-jp.com/wp-content/uploads/files/DGS-1500-20_FW_R2.10.002.zip,2013-02-15 00:00:00,9554137,a49f4a04e4443667b105972f835ed70a52d30874,2180854b3cab250fd0b264d1d35e331f
DGS-6608,R4.00.056,https://dlink-jp.com/wp-content/uploads/2013/06/DGS-6600_FW_R4.00.0561.zip,2014-07-17 00:00:00,73586458,0ca0eb07f5e636a23fff4f064c497b5fa7b8d23d,9aed5ae5e11e714757bd6ddc27c7842d
DGS-1500-28,R2.51.B008,https://dlink-jp.com/wp-content/uploads/2012/07/DGS-1500-28_FW_R2.51.B008.zip,2014-10-28 00:00:00,9591955,cf8e649e4716a2e991f951fa6ff5f4b5584ac308,87b08b07edee74bfcce1e3023bfb9b47
DGS-1500-28,R2.50.008,https://dlink-jp.com/wp-content/uploads/2012/07/DGS-1500-28_FW_R2.50.008.zip,2014-03-07 00:00:00,9528336,3368999f6b5aaa436e4921fb96935c457497db85,671c33d7afe9c3e6843a31e606871e32
DGS-6604,R4.00.056,https://dlink-jp.com/wp-content/uploads/2013/06/DGS-6600_FW_R4.00.056.zip,2014-07-17 00:00:00,73586458,0ca0eb07f5e636a23fff4f064c497b5fa7b8d23d,9aed5ae5e11e714757bd6ddc27c7842d
DGS-6604,R3.00.080,https://dlink-jp.com/wp-content/uploads/files/DGS-6600_Series_A1_FW_v3.00.080.zip,2013-07-01 00:00:00,66909298,e59c783fad1247015f1039a28ac137d9882dc8d3,75743b038cf00ce7f5eab160ee3d70c7
DGS-1500-28,R2.10.002,https://dlink-jp.com/wp-content/uploads/files/DGS-1500-28_FW_R2.10.002.zip,2013-02-15 00:00:00,9553364,505df3b1fe05a0563f66dbad7f8a11caa3d4cc60,c6bde22be8ac51d602903d12ebaeb224
DGS-1500-52,R2.51.B008,https://dlink-jp.com/wp-content/uploads/2014/09/DGS-1500-52_FW_R2.51.B008.zip,2014-10-28 00:00:00,9609529,3bddfac4e20f1bd927e5789c655987a800fae91d,99d2292df2a6793cc34d29950a41abc5
DGS-1500-52,R2.50.008,https://dlink-jp.com/wp-content/uploads/2012/07/DGS-1500-52_FW_R2.50.008.zip,2014-03-07 00:00:00,9539225,bb118d60d39a49fc39bb5c7c45bcc09834990c54,86b28cb0e43f5c68c791afa347c95ef5
DGS-1500-28P,R2.51.B008,https://dlink-jp.com/wp-content/uploads/2012/07/DGS-1500-28P_FW_R2.51.B008.zip,2014-10-28 00:00:00,9663917,1882f5e861e286b2160838cd78869fa725757fb1,ad089bfc887bfa4a125e95507f2bd4d7
DGS-1500-52,R2.10.002,https://dlink-jp.com/wp-content/uploads/files/DGS-1500-52_FW_R2.10.002.zip,2013-02-15 00:00:00,9570446,764ed2681a4f91cbe3aed9494381dbc0f3a5815b,6d2842991d99b20f04a638ec2fc60929
DES-1100-26,R1.00.B009,https://dlink-jp.com/wp-content/uploads/2011/01/DES-1100-26_FW_V1.00.B009.zip,2014-07-14 00:00:00,943939,0d05accce80bb7e25e1d8d8900fdbe1cb59b4cbe,b9e9669d245df66eb9bd331445bb2e60
DES-3552,R3.00.B021,https://dlink-jp.com/wp-content/uploads/2009/03/DES-3528_3552_FW_R3.00.B0213.zip,2013-02-15 00:00:00,4993748,bfa63162912d7468a9cf2c05a59ad53ec8f6e940,5e038e94d2d6785f5bfc387501c4684f
DGS-1500-28P,R2.50.008,https://dlink-jp.com/wp-content/uploads/2012/07/DGS-1500-28P_FW_R2.50.008.zip,2014-03-07 00:00:00,9602548,c51013db0f0888919baf583c69f9dca80f9ef9f5,b484175b3cd42ad6f8e52c6a2132be14
DES-3552,R2.60.B035,https://dlink-jp.com/wp-content/uploads/2009/03/DES-3528_3552_FW_R2.60.B0351.zip,2011-07-11 00:00:00,4875192,d4776b318dd16819e2457ff31fae539490b73932,e1844d272003d748a00265839f15273d
DGS-3200-10/GE,R2.00.B052,https://dlink-jp.com/wp-content/uploads/2013/09/DGS-3200_FW_R2.00.B052.zip,2014-10-28 00:00:00,4491500,79abd557a27f82e4817b9bda770cb8a0d2866792,c6e5ad2bc5efcaa33761efba704f84bc
DFL-260E,R2.40.01.08,https://dlink-jp.com/wp-content/uploads/2011/01/DFL-260E_FW_R2.40.01.08.zip,2012-06-29 00:00:00,5622713,b34d98c5d75b88ec411d414bf131e1ef4305cd95,1ede716f44b646415349f2fe4faec115
DGS-3200-10/GE,R2.00.B023,https://dlink-jp.com/wp-content/uploads/files/DGS-3200_FW_R2.00.B023.zip,2012-02-01 00:00:00,4337978,3ea0f339f5e922fc8b3f627e7865ec745a5bafd4,85b390acb299797d19c35a6c38f49f7e
DES-3552,R2.21.B059,https://dlink-jp.com/wp-content/uploads/files/DES-3528_3552_FW_R2.21.B059.zip,2010-11-19 00:00:00,4663247,d279215f0236bcdb2d22f1748be92a57df0ae6ac,61df8947698a0a3486c5f23dc1402f7c
DGS-3200-16/GE,R2.00.B052,https://dlink-jp.com/wp-content/uploads/2013/09/DGS-3200_FW_R2.00.B0521.zip,2014-10-28 00:00:00,4491500,79abd557a27f82e4817b9bda770cb8a0d2866792,c6e5ad2bc5efcaa33761efba704f84bc
DFL-260E,R2.30.01,https://dlink-jp.com/wp-content/uploads/files/DFL-260E_FW_R2.30.01.zip,2011-11-30 00:00:00,5394787,f0b0d0b9dc468e30f282a0d3b56512f6b4ef814e,937c1efeff8879ffa777c9e69e5ed0b9
DGS-3200-10/GE,R2.00.B039,https://dlink-jp.com/wp-content/uploads/files/DGS-3200_FW_R2.00.B039.zip,2012-10-29 00:00:00,4357280,790530f4186a7d0e12962b1cf03b4baa8515647e,4341e4bf078050152e1510ec0dc33d4f
DGS-3200-16/GE,R02.00.B039,https://dlink-jp.com/wp-content/uploads/files/DGS-3200_FW_R2.00.B039.zip,2012-10-29 00:00:00,4357280,790530f4186a7d0e12962b1cf03b4baa8515647e,4341e4bf078050152e1510ec0dc33d4f
DGS-1500-28P,R2.10.002,https://dlink-jp.com/wp-content/uploads/files/DGS-1500-28P_FW_R2.10.002.zip,2013-02-15 00:00:00,9619238,18e6d12e624f6c37c05fecf94be6883ffe9b115f,8b3fdbce5f31319598693cb99c9f4c25
DGS-3200-16/GE,R2.00.B023,https://dlink-jp.com/wp-content/uploads/files/DGS-3200_FW_R2.00.B023.zip,2012-02-01 00:00:00,4337978,3ea0f339f5e922fc8b3f627e7865ec745a5bafd4,85b390acb299797d19c35a6c38f49f7e
